id,Date,description,Amount,type,category
1,03-02-2022,Brownie,50.0,Expense,Food
2,03-02-2022,To lended people,300.0,Expense,Other
3,03-01-2022,Dinner,78.0,Expense,Food
4,03-01-2022,Metro,30.0,Expense,Transportation
5,03-01-2022,Snacks,67.0,Expense,Food
8,2/28/2022 11:56,Pizza,339.15,Expense,Food
10,2/27/2022 15:29,Lunch,243.0,Expense,Food
11,2/26/2022 20:16,,25.0,Expense,Food
13,2/26/2022 17:37,To karthi,100.0,Expense,Other
14,2/26/2022 16:01,,1700.0,Expense,Social Life
15,2/26/2022 14:07,Snacks,40.0,Expense,Food
16,2/26/2022 1:39,Tea lights,84.0,Expense,Food
17,2/25/2022 12:08,,33.0,Expense,Food
18,2/24/2022 22:32,,303.0,Expense,Household
19,2/24/2022 22:21,Creamstone,289.0,Expense,Food
20,2/24/2022 19:15,Tamen,324.7,Expense,Food
21,2/23/2022 17:35,Hoodie for gobi,399.0,Expense,Apparel
22,2/23/2022 16:06,Eggs,83.0,Expense,Food
23,2/23/2022 12:38,Earphone,399.0,Expense,Apparel
24,2/22/2022 6:33,Auto to laxmi mills,120.0,Expense,Transportation
25,2/21/2022 22:15,It better be worth it,1300.0,Expense,Transportation
26,2/21/2022 16:06,Travel to koyambedu,138.0,Expense,Transportation
27,2/21/2022 15:40,Stuffs,336.0,Expense,Household
28,2/21/2022 15:38,Train cbe to chn,201.8,Expense,Transportation
29,2/20/2022 15:24,Lunch,200.0,Expense,Food
30,2/19/2022 23:03,Random stuff for drinks,111.0,Expense,Food
31,2/19/2022 21:57,Snacks,250.0,Expense,Food
32,2/19/2022 21:35,Bus ticket,1575.0,Expense,Transportation
33,2/19/2022 20:45,Took from sbi,200.0,Expense,Transportation
34,2/19/2022 20:45,Ramen with gobi,380.0,Expense,Food
35,2/19/2022 8:26,Metro,60.0,Expense,Transportation
36,2/19/2022 6:27,To auto anna,50.0,Expense,Other
37,2/19/2022 6:18,To egmore,270.0,Expense,Transportation
38,2/18/2022 23:01,Kfc dinner,348.0,Expense,Food
39,2/17/2022 13:11,Lunch,80.0,Expense,Food
40,2/16/2022 16:57,Side dishes,165.0,Expense,Food
41,2/16/2022 16:57,Kfc,475.0,Expense,Food
42,2/13/2022 21:54,Games,100.0,Expense,Social Life
43,02-12-2022,Dinner with aravind and buddies,491.0,Expense,Food
44,02-12-2022,Mirror,70.0,Expense,Household
45,02-12-2022,Lunch,80.0,Expense,Food
47,02-11-2022,Dinner with aravind,373.0,Expense,Food
48,02-10-2022,Kfc dinner,641.0,Expense,Food
50,02-08-2022,Bean bag,2099.0,Expense,Household
51,02-07-2022,Auto to Gobi's place,214.0,Expense,Transportation
52,02-06-2022,Cakepark,125.0,Expense,Food
53,02-06-2022,To kumara,150.0,Expense,Food
54,02-06-2022,To chennai,1000.0,Expense,Transportation
56,02-06-2022,To gobi,1500.0,Expense,Other
57,02-04-2022,Shawarma,80.0,Expense,Food
58,02-03-2022,Good soup,50.0,Expense,Food
59,02-03-2022,To gowdham,150.0,Expense,Other
60,02-02-2022,Parotta,120.0,Expense,Food
62,1/31/2022 8:44,Vnr to apk,50.0,Expense,Transportation
63,1/31/2022 8:27,To vicky,200.0,Expense,Other
64,1/31/2022 8:26,To ksr station,153.0,Expense,Transportation
65,1/30/2022 19:17,Dinner,155.0,Expense,Food
66,1/30/2022 19:01,Cycle gap,120.0,Expense,Food
67,1/30/2022 12:28,Brunch,105.0,Expense,Food
68,1/29/2022 21:56,Rapido to pg,44.0,Expense,Transportation
69,1/29/2022 14:44,Sent to barath,100.0,Expense,Other
70,1/28/2022 21:58,Banana,10.0,Expense,Food
71,1/28/2022 14:23,Lunch with company,138.0,Expense,Food
72,1/27/2022 21:25,Rapido to pg,43.0,Expense,Transportation
73,1/27/2022 13:41,To vicky,300.0,Expense,Other
74,1/27/2022 13:41,To vishnu,100.0,Expense,Other
75,1/27/2022 13:39,Zinger box meal,279.0,Expense,Food
78,1/26/2022 17:45,Snacks,115.0,Expense,Food
80,1/26/2022 16:52,Paani poori,25.0,Expense,Food
81,1/25/2022 13:35,Kfc date with myself,259.0,Expense,Food
82,1/25/2022 10:23,Lemon tea,18.0,Expense,Food
83,1/25/2022 9:20,Train to vnr,325.0,Expense,Transportation
84,1/24/2022 20:17,Snack,40.0,Expense,Food
85,1/24/2022 14:08,Lunch with company,133.0,Expense,Food
86,1/23/2022 21:45,Pepsi,40.0,Expense,Food
87,1/23/2022 21:41,Dinner,465.0,Expense,Food
88,1/23/2022 21:29,Sent to vicky,300.0,Expense,Food
89,1/23/2022 21:29,Lunch,302.0,Expense,Food
91,1/23/2022 21:27,Snacks with preethi and azar,176.0,Expense,Food
92,1/23/2022 21:27,Badminton,200.0,Expense,Social Life
94,1/21/2022 14:22,Lunch with company,188.0,Expense,Food
95,1/21/2022 11:47,Snacks,37.0,Expense,Food
97,1/19/2022 14:27,Lunch + chocolate for preethi,171.0,Expense,Food
98,1/18/2022 20:54,Dinner,301.15,Expense,Food
99,1/18/2022 17:10,Snack with preethi,59.0,Expense,Food
100,1/18/2022 13:51,Lunch with company,148.0,Expense,Food
101,1/18/2022 12:59,To kumara,200.0,Expense,Other
103,1/17/2022 18:31,Eve snack,100.0,Expense,Food
104,1/15/2022 21:17,Bus to Bangalore,1365.0,Expense,Transportation
106,1/15/2022 21:16,Snacks,70.0,Expense,Food
112,1/14/2022 16:54,Lunch pongal,1530.0,Expense,Food
113,1/13/2022 20:46,Dinner,66.0,Expense,Food
115,1/13/2022 17:47,Rapido to pg,43.0,Expense,Transportation
116,01-12-2022,Recharge by gowdham,479.0,Expense,Other
117,01-12-2022,Pizza,301.75,Expense,Food
119,01-11-2022,Lunch with not preethi,135.5,Expense,Food
120,01-10-2022,Friday snacks with preethi gang,106.0,Expense,Food
122,01-08-2022,Lunch with gowdham,535.3,Expense,Food
123,01-08-2022,Rent,4580.0,Expense,Household
124,01-07-2022,Coffee + biscuit,15.0,Expense,Food
126,01-06-2022,Ketch up,20.0,Expense,Food
127,01-06-2022,Dinner with roommate,877.81,Expense,Food
128,01-06-2022,Bingo,10.0,Expense,Food
129,01-06-2022,Rapido to pg,42.0,Expense,Transportation
130,01-05-2022,McDonald's with company,211.0,Expense,Food
131,01-05-2022,Lended money returned to vishnu,40.0,Expense,Other
132,01-05-2022,Lended money returned to kumara,30.0,Expense,Other
133,01-05-2022,Jan 2nd with shakur and barath,354.0,Expense,Food
134,01-05-2022,To gobi 1st 1/4th,500.0,Expense,Other
135,01-05-2022,To abijith and to vicky lend money returned,500.0,Expense,Other
136,01-05-2022,Refund for bus ticket,60.0,Expense,Transportation
137,01-05-2022,Lunch with company,388.0,Expense,Food
138,01-04-2022,Arrear and reval fee,1400.0,Expense,Education
140,01-04-2022,Lunch with company,106.0,Expense,Food
141,01-04-2022,To vicky,80.0,Expense,Other
142,01-04-2022,Sent to preethi,107.0,Expense,Food
143,01-03-2022,Dairy milk,10.0,Expense,Food
147,01-03-2022,Lunch unlimited nv,300.0,Expense,Food
149,01-02-2022,Tablet to gowdham,8.0,Expense,Other
150,01-02-2022,Dinner with barath,200.0,Expense,Food
151,01-02-2022,Train to vnr,725.0,Expense,Transportation
152,01-01-2022,Snacks,85.0,Expense,Food
154,12/30/2021 14:10,To barath,20.0,Expense,Food
155,12/30/2021 13:56,Pg to office,43.0,Expense,Transportation
157,12/30/2021 12:43,Horlicks + kolakattai,25.0,Expense,Food
158,12/30/2021 12:38,Bommasandra to pg,199.0,Expense,Transportation
160,12/30/2021 11:45,Water,20.0,Expense,Food
162,12/30/2021 11:45,Rapido + toll,286.0,Expense,Transportation
164,12/28/2021 13:42,Coffee and thattai,14.0,Expense,Food
165,12/27/2021 13:45,Lunch with barath,115.0,Expense,Food
168,12/27/2021 12:33,Coconut water with stu,50.0,Expense,Food
169,12/25/2021 22:53,Dinner with barath,504.0,Expense,Food
170,12/25/2021 20:46,Cab,306.0,Expense,Transportation
171,12/25/2021 19:50,Books,400.0,Expense,Self-development
172,12/25/2021 17:01,Corn,30.0,Expense,Food
173,12/25/2021 15:35,Water,30.0,Expense,Food
174,12/25/2021 13:32,Milk with bharath,40.0,Expense,Food
175,12/24/2021 21:49,Beer,150.0,Expense,Social Life
176,12/24/2021 14:35,Lunch with company,262.0,Expense,Food
177,12/23/2021 16:31,Lemon tea with company,15.0,Expense,Food
178,12/23/2021 13:51,Puffs and coffee,32.0,Expense,Food
179,12/21/2021 20:53,Dinner with barath,239.0,Expense,Food
180,12/21/2021 14:02,Puffs,25.0,Expense,Food
181,12/21/2021 11:43,Bun,18.0,Expense,Food
182,12/20/2021 19:23,Milk with bharath,80.0,Expense,Food
183,12/20/2021 19:22,Taxi,80.0,Expense,Transportation
184,12/20/2021 16:55,Snacks,20.0,Expense,Food
185,12/20/2021 15:29,Water,20.0,Expense,Food
186,12/20/2021 13:35,Lunch with barath,85.0,Expense,Food
187,12/20/2021 9:46,Milk with bharath,40.0,Expense,Food
188,12/19/2021 15:51,To siva,100.0,Expense,Other
189,12/18/2021 21:01,To kumara,100.0,Expense,Other
190,12/18/2021 21:01,To abijith,200.0,Expense,Other
191,12/18/2021 21:00,To rahul,113.0,Expense,Food
194,12/18/2021 19:51,Spiderman,363.72,Expense,Social Life
195,12/18/2021 14:19,Lunch,160.0,Expense,Food
196,12/17/2021 18:54,Milk with bharath,70.0,Expense,Food
197,12/17/2021 14:45,Lunch with company,110.0,Expense,Food
198,12/17/2021 8:35,Gave to gowdham,50.0,Expense,Other
199,12/16/2021 18:44,Egg,30.0,Expense,Food
200,12/16/2021 18:35,Panipoori,20.0,Expense,Food
201,12/16/2021 13:38,Lunch,30.0,Expense,Food
202,12/16/2021 10:42,Milk with bharath,110.0,Expense,Food
203,12/14/2021 23:54,Lunch,40.0,Expense,Food
204,12/14/2021 21:21,Snacks,75.0,Expense,Food
205,12/14/2021 21:03,Panipoori,80.0,Expense,Food
206,12/14/2021 15:18,Snacks,74.0,Expense,Food
207,12/14/2021 10:33,Milk with bharath,65.0,Expense,Food
208,12-12-2021,Milk with bharath,25.0,Expense,Food
211,12-10-2021,Shopping,241.0,Expense,Food
212,12-10-2021,Momos,195.0,Expense,Food
213,12-09-2021,Snack with bharath,40.0,Expense,Food
214,12-09-2021,Lunch with company,280.0,Expense,Food
215,12-09-2021,Milk with bharath,25.0,Expense,Food
216,12-09-2021,Breakfast with stu,110.0,Expense,Food
217,12-08-2021,Lunch with stu,100.0,Expense,Food
218,12-08-2021,5 star,1120.72,Expense,Food
219,12-08-2021,Milk,10.0,Expense,Food
220,12-07-2021,Milk with bharath,25.0,Expense,Food
221,12-07-2021,Horlicks,15.0,Expense,Food
222,12-06-2021,Milk with bharath,25.0,Expense,Food
223,12-06-2021,Shoe,500.0,Expense,Apparel
224,12-06-2021,Cap,140.0,Expense,Apparel
225,12-06-2021,Lunch with stu,150.0,Expense,Food
226,12-05-2021,Milk with bharath,25.0,Expense,Food
227,12-05-2021,Full hand and a hoodie,1800.0,Expense,Apparel
228,12-05-2021,Rent,4800.0,Expense,Household
230,12-04-2021,Dinner,324.0,Expense,Food
231,12-04-2021,Snack,65.0,Expense,Food
232,12-04-2021,For company,30.0,Expense,Other
233,12-04-2021,Breakfast,200.0,Expense,Food
234,12-03-2021,Milk with bharath,25.0,Expense,Food
235,12-03-2021,Belt,130.0,Expense,Apparel
236,12-03-2021,Mask,20.0,Expense,Apparel
237,12-03-2021,Snack,40.0,Expense,Food
239,12-02-2021,Ice cream,504.0,Expense,Food
240,12-02-2021,Vadapaav,75.0,Expense,Food
241,12-01-2021,Showergel,196.0,Expense,Beauty
242,12-01-2021,Lunch with company,160.0,Expense,Food
243,11/30/2021 14:24,Bharath birthday,115.0,Expense,Gift
244,11/30/2021 14:17,Lunch with company,128.0,Expense,Food
245,11/30/2021 10:11,Breakfast,70.0,Expense,Food
246,11/29/2021 20:47,Lunch with company,40.0,Expense,Food
247,11/29/2021 20:47,Dinner,50.0,Expense,Food
248,11/29/2021 20:09,Panipoori,40.0,Expense,Food
249,11/29/2021 9:29,Breakfast,40.0,Expense,Food
250,11/28/2021 19:59,Snack,94.0,Expense,Food
251,11/28/2021 13:10,Zomato,269.4,Expense,Food
252,11/27/2021 23:14,Dinner with gowdham,120.0,Expense,Food
253,11/27/2021 22:34,Dinner with gowdham,130.0,Expense,Food
254,11/27/2021 18:41,Rapido,35.0,Expense,Transportation
255,11/27/2021 13:46,Lunch with company,75.0,Expense,Food
257,11/27/2021 9:33,Breakfast,30.0,Expense,Food
258,11/26/2021 21:56,Beer,150.0,Expense,Food
259,11/26/2021 20:57,Snack,102.0,Expense,Food
260,11/26/2021 20:15,Panipoori,40.0,Expense,Food
262,11/26/2021 14:14,Lunch with company,150.0,Expense,Food
263,11/26/2021 9:22,Breakfast,60.0,Expense,Food
264,11/25/2021 20:27,Lunch with company,145.0,Expense,Food
265,11/25/2021 20:27,Rapido,58.0,Expense,Transportation
266,11/25/2021 20:27,Dinner,95.0,Expense,Food
267,11/24/2021 19:26,Snack,15.0,Expense,Food
268,11/24/2021 19:23,Dinner,70.0,Expense,Food
269,11/24/2021 19:06,Panipoori,20.0,Expense,Food
270,11/24/2021 19:06,Rapido,58.0,Expense,Transportation
271,11/23/2021 22:53,Rapido,50.0,Expense,Transportation
272,11/23/2021 22:53,Dinner,179.0,Expense,Food
273,11/22/2021 14:16,Dinner,90.0,Expense,Food
274,11/22/2021 14:16,Lunch with company,97.0,Expense,Food
275,11/21/2021 17:07,Rapido,130.0,Expense,Transportation
276,11/21/2021 15:50,Lunch,875.0,Expense,Food
